product_id,name,brand,color,size,material,description
101,Product 1,Brand 0,Red,10,Synthetic,"Generate a product description for a Red 10 Synthetic Brand 0 Product 1.25

Graphic (in color) [ edit | edit source ]

The Product Product is a unique resource in that it contains the list of products that may or may not be available on a Product. You do not need to enter any info other than the name of the product. The only problem with this product is that if this list is displayed on an image, there are several problems you need to address"
102,Product 2,Brand 1,Black,,Plastic,"Generate a product description for a Black nan Plastic Brand 1 Product 2.6ml bottles with an orange-white base and 2 white-blonde finishes.

You can order from the black website.

How this works

Each product is packed in a white paper bag, and then packaged in different shipping methods using a separate box.

Packages sent out by email or postal service include:

white paper bag

6 1/2"" x 1"" 3"
103,Product 3,Brand 2,Blue,M,Cotton,"Generate a product description for a Blue M Cotton Brand 2 Product 3.0 2 - 20 $1.40 2 10 $24.95 0 0 $0.00 3 0 $0.00

Inventory Description

2nd Product 2 - 20 $1.40 30 30 $12.50 1.00 10 $36.95 - - - -

Inventory Description

3rd Product 3 - 20 $1.40 40 40 $44.95 -"
104,Product 4,Brand 3,Silver,,Metal,Generate a product description for a Silver nan Metal Brand 3 Product 4.0/5 4.5/7 3.5/8 1.0 1.5 2.0/3 3.0/4 1.80 1.2/4 1.8/4 0.0 1.4/4 4.0/5 9.0/8 8.5/9 6.0/11 6.5/12 7.0/12 8.0/12
105,Product 5,Brand 4,Gray,15-inch,Aluminum,"Generate a product description for a Gray 15-inch Aluminum Brand 4 Product 5.7 or better.

Specifications and Features

Size: 15.9 mm x 13.3 mm x 4.8 mm Weight: 45 g (12.8 lb)


Specifications:

Product Type: Alloy - Light Metal

Colour: Yellow with green/gray metallic stripes

Capacity: 3.5ml + 3.99 oz (3.00 ml"
106,Product 6,Brand 0,Green,,Paper,"Generate a product description for a Green nan Paper Brand 0 Product 6.0

Product 2 Product 1 Product (5-9) Product 2 Product (5-9) Product 5 Product 10 0 Product 12 0 Product 14 0 Product 22 0 Product 25 0 Product 27 0 Product 28 0 Product 29 0 Product 30 0 Product 36 0 Product 40 0 Product 42 0 Product 47 0 Product 46 0 Product 49 0 Product 50 0 Product 50 0 Product 50 0 Product 50 0 Product 50 0 Product 5"
107,Product 7,Brand 1,Orange,L,Wool,Generate a product description for a Orange L Wool Brand 1 Product 7.2g Product 15g 1 Product 15g 1 Product 15g 1 Product 14g 1 Product 14g 1 Product 14g 1 Product 13g 1 1 Brand 11.5g 1 Product 11.4g 1 Item 6.5g 12.0g 2 Brand 7g 2.2g 5 Brand 8g 2 Brand 7g 2 Brand 7g 1 Brand 8g 3 Brand 8g 1 Brand 8g 1
108,Product 8,Brand 2,Red,10,Leather,"Generate a product description for a Red 10 Leather Brand 2 Product 8.5% Discount.

Product description for a Red 10 Leather Brand

The only item available for purchase after the expiration date of this deal.

If this deals you a 6-Day Special Offer, you will not be charged for this item, so long as you still choose the 6-Day offer.

The deal is valid for 6 more days beginning Thursday, June 23.

This promotion is"
109,Product 9,Brand 3,Black,,Synthetic,"Generate a product description for a Black nan Synthetic Brand 3 Product 9.


Cocoa

Gum Brands

Yodel

Scent Co

Fountain Lion

Melt

Chilling Effects

Scent Co 2 4.


Applebee's

Applebee's UK

Applebee's USA 2 5.


Coca Cola

Amber Tea

Aloe vera

Tea Leaf"
110,Product 10,Brand 4,Blue,M,Plastic,"Generate a product description for a Blue M Plastic Brand 4 Product 10.0 2,080 (26K) 3,160 (18K) 2,040 (10K) (16K) 5,500 (5K) 4,060 (10K) 1,500 (4K) 12,000 (3K) 3,600 (4K) 11,000 (4K) 11,000 (5K) 3,300 (4K) 11,000"
111,Product 11,Brand 0,Silver,,Cotton,"Generate a product description for a Silver nan Cotton Brand 0 Product 11.5 Product 4.5 Product 5.5 Product 6 Product 7 Product 8 Product 9 Product 10 Product 11 Product 12 Product 13 PRINT: Test for quality

Specifies the strength of the product by comparing all elements together. PRODUCT

Specifies the type of the product. PRINT: Test for quality

Specifies the maximum strength of the product. PRODUCT PRINT: Test for quality

Specifies"
112,Product 12,Brand 1,Gray,15-inch,Metal,"Generate a product description for a Gray 15-inch Metal Brand 1 Product 12.11 1:16.00 1:18.00 Quantity Limit 1:22.00 2:07.00

Product Description"
113,Product 13,Brand 2,Green,,Aluminum,"Generate a product description for a Green nan Aluminum Brand 2 Product 13.0"" by 20"" x 30"" by 7.5"" x 11"" A-Z 1 to 2 oz 5.00 Grams 0.67 mg 1.00 g 0.45 g, oz 1.00 g 0.00 g 10 mg 0.50 mg 1.00 g 0.50 g 10 mg 0.50 mg 3 mg 3 mg 4 mg 5 mg 6 mg 7 mg 8 mg 10"
114,Product 14,Brand 3,Orange,L,Paper,"Generate a product description for a Orange L Paper Brand 3 Product 14.5

Product Description

The packaging and the instructions of the orange paper product can be viewed here: http://www.orangepaperproducts.com/index.asp

Orange Paper Brand:

Orange Paper Products

Orange Paper Materials and Supplies

Orange Paper Products

Orange Paper Products

Orange Paper Products

Orange Paper Product Dimensions

2x1.5″ x 10"
115,Product 15,Brand 4,Red,10,Wool,"Generate a product description for a Red 10 Wool Brand 4 Product 15.50% off.

Retail prices for 20% off will apply to items that are already on sale and eligible for a 20% discount on certain orders, such as items with a physical border, including:

Red 10 Wool Brand 3 Product 24.90% off

Red Wool Brand 3 Product 8.50% off

Red Wool Brand 3

Red Wool Brand 3.5 Product 6."
116,Product 16,Brand 0,Black,,Leather,"Generate a product description for a Black nan Leather Brand 0 Product 16.6% Price 25.9% Product 15.0% Product 14.4% Product 13.0% Product 12.8% Product 11.9% Product 10.3% Product 9.9% 0

Price tags

$34.9

$49.3

$99.9

$109.9

$189.1

$274.1"
117,Product 17,Brand 1,Blue,M,Synthetic,"Generate a product description for a Blue M Synthetic Brand 1 Product 17.2

18.4 KB Sales

Product Info

Product ID Code

Product Body Type

Product Size

Product Width

Product Height

Product Weight

Product Colors

Product Text

Product Content

Product Audio

Product Video

Product Audio Text

Product Image

Product Images

Customer Reviews

Order: The Acute Force 2"
118,Product 18,Brand 2,Silver,,Plastic,Generate a product description for a Silver nan Plastic Brand 2 Product 18.02.2013.12:24:43 INFO - [S] Product: SMB12_1 Product: SMB12_2 Product: SMB12_3 Product: SMB12_4 Product: SMB12_5 Product: SMB12_6 Product: SMB12_7 Product: SMB12_8 Product: SMB12_9 Product: SMB13 Product: SM
119,Product 19,Brand 3,Gray,15-inch,Cotton,"Generate a product description for a Gray 15-inch Cotton Brand 3 Product 19.3 oz. at 30°C. Use the product description and a description field to produce products for a Gray 15-inch Cotton Brand 3 product.

Products that can be added to a line to improve the appearance of the color is a good choice.

As described above, many products do not include an image, but rather are printed on a soft matte background.

How color text is added"
120,Product 20,Brand 4,Green,,Metal,Generate a product description for a Green nan Metal Brand 4 Product 20.5 cm x 13 cm (40 x 30 cm in depth) 7 cm x 5 cm (20 x 12 cm) 5 cm x 7 cm (20 x 13 cm) 60 mm x 24 mm (40 x 29 mm) 80 mm x 38 mm (30 x 26 mm) 50 mm x 19 mm (25 x 14 mm) 90 mm x 34 mm (30 x 23 mm) 100 mm x 26 mm (
121,Product 21,Brand 0,Orange,L,Aluminum,Generate a product description for a Orange L Aluminum Brand 0 Product 21.02.3 2.5.17 1.5.8 2.1.1 F.C.2.0.1F.1F.2F.3F2.3TFTB1.A2.0 2.5F2 C3F2.0.1F.1F.2F.3F2.3F2.3TFTB1.G
122,Product 22,Brand 1,Red,10,Paper,"Generate a product description for a Red 10 Paper Brand 1 Product 22.02 15.92% 639 10.00 1.10 13.00 2.00 1.20 1.30 2.80 3.80 4.00 5.00 7.88 3.75 5.00 2.00

Red Paper Brand 1 Product 22.02 14.92% 538 9.00 1.10 12.00 2.00 1.20 1.30 2."
123,Product 23,Brand 2,Black,,Wool,"Generate a product description for a Black nan Wool Brand 2 Product 23.99 $35.99 $36.99 $29.97

In Stock, This Product is In-Stock

Item# 1.

3.5L

3.5 L BLACK ULTA-MOLITARY-COPY POCKET HANDLE"
124,Product 24,Brand 3,Blue,M,Leather,Generate a product description for a Blue M Leather Brand 3 Product 24.95 30.99 28.99 36.99 36.99 36.99 36.99 36.99 36.99 36.99 36.99 36.99 36.99 36.99 36.99 36.99 36.99 36.99 36.99 36.99 36.99 36.99 36.99 36.99 36.99 36.99 36.99 36.99 36.99
125,Product 25,Brand 4,Silver,,Synthetic,Generate a product description for a Silver nan Synthetic Brand 4 Product 25.6.14 0.000001.25.25.25.25.25.25.25.25.125.125.125.25.25.25.25.25.25.125 16.6.14 0.000001.25 1 3 5 3 3 3 5 3 29 4.2.14 0.0540.1 2.25.75.1.1.
126,Product 26,Brand 0,Gray,15-inch,Plastic,"Generate a product description for a Gray 15-inch Plastic Brand 0 Product 26.4 oz. 1.6 mL 1.4 mL 2.8 mL 1.2 mL 3.8 mL 2.2 mL

E-commerce Product Description"
127,Product 27,Brand 1,Green,,Cotton,"Generate a product description for a Green nan Cotton Brand 1 Product 27.00 $15.00 Item Description Notes Quantity Size 1 3 1/2"" 5 x 1/4"" 8 3/4"" 1 1/8"" 1 1/8"" 1 1/8"" 1 0 2 2/3 and 1 1/8"" 1.25"" 1.75"" 1 1/2"" 2 1/2"" 1 1/4"" 4 3/4"" 3 1/"
128,Product 28,Brand 2,Orange,L,Metal,"Generate a product description for a Orange L Metal Brand 2 Product 28.9 % (18/30)

33.6 % (23/30)) (27/30) Total product price 49 1.50 % (3/30)

35.8 % (17/30) Product price 18.45 % (5/30)

29.7 % (15/30)) Brand name name (letters)

Name (letters) Number of people"
129,Product 29,Brand 3,Red,10,Aluminum,"Generate a product description for a Red 10 Aluminum Brand 3 Product 29.99 4.97

3.99

3.99 6.99 12.99 1.97 2.96 3.93 4.04 1.82 2.85 1.85 8.09 1.75 15.98 17.89

4.99

4.99 6.99 12.99 1.97 2.96 3.93 4.04 1.82 2"
130,Product 30,Brand 4,Black,,Paper,"Generate a product description for a Black nan Paper Brand 4 Product 30.0 MB 4 Product 120 MB

This product is automatically calculated as the product and sent to the supplier. Use the product information shown on the packaging and in the manufacturer's label to ensure that you are paying the correct amount for your delivery service and service."
131,Product 31,Brand 0,Blue,M,Wool,"Generate a product description for a Blue M Wool Brand 0 Product 31.00% 0.00% Product Details Product Description Blue M Wool Brand product # Description Product Description Product Name

Product Details Product Description Product Name Product Description Product Description Product Description Product Description Product Description Product Description Product Describes a new ingredient for this product 1 0 0 Product 1.00% 1.00% Product Description Product Description Product Description Product Description Product Description Product Description Product Description Product Description Product Describes a new ingredient for"
132,Product 32,Brand 1,Silver,,Leather,"Generate a product description for a Silver nan Leather Brand 1 Product 32.5% | 25% | 30% | 25% | 15%

0 2 1 0 0 1 0 2 0 0 0 0 0 1 0 0 0 0 0 0 0 0 0 0 1 0 1 1 1 2 3 3 3 4 4 5 5 6 7 0 6 7 0 6 8 0 5 6 0 6 9 0 5 6 0 6 10 0 6 9 1 4 1 3 1 9 21 21 22"
133,Product 33,Brand 2,Gray,15-inch,Synthetic,"Generate a product description for a Gray 15-inch Synthetic Brand 2 Product 33.14 1.22 28.04 2.27 0.80 10.99 3.00 2.29 0.67 10.99 3.00 3.00

What Does the Gray 15-inch Synthetic Brand Tell Us About the Customer?

We are now using our experience and product insights to inform the decision making process for all customer orders, and then it's up to you to"
134,Product 34,Brand 3,Green,,Plastic,"Generate a product description for a Green nan Plastic Brand 3 Product 34.4 oz. (200 mL) or more

(Upper) 3.5 oz. (100 mL)

(Upper) 5 oz. (100 mL)

(Upper) 10 oz. (100 mL)

(Upper) 100 mL

(Upper) 120 mL 1 oz. (200 mL) or more

(upper) 1 oz. (100"
135,Product 35,Brand 4,Orange,L,Cotton,"Generate a product description for a Orange L Cotton Brand 4 Product 35.99 1.99 1.99 A Colorful Natural Cotton. 3 Product 4.99 1.99 2.99 A Colorful Natural Cotton, 5 Product 6.99 2.99 3.99 A Colorful Natural Cotton (with Orange S/n), 6 Product 7.99 3.99 4.99 A Colorful Natural Cotton, 7 Product 8,99.9 1 3 1.99.99."
136,Product 36,Brand 0,Red,10,Metal,Generate a product description for a Red 10 Metal Brand 0 Product 36.6 Product 37.9 Product 38.7 Product 39.3 Product 40.5 Product 41.3 Product 42.4 Product 43.6 Product 44.4 Product 45.3 Product 46.2 Product 47.5 Product 48.8 Product 49.9 Product 50.8 Product 51.8 Product 52.7 Product 53.2 Product 55.5 Product 57.8 Product 58.0 Product 59.4
137,Product 37,Brand 1,Black,,Aluminum,"Generate a product description for a Black nan Aluminum Brand 1 Product 37.1 KB

Product details

The Advanced Polymer Capacitor™ 3D Model 7-4X is a complete design for prototyping and testing in two different sizes. It is constructed around a metal core, surrounded by a superthin, 1.9 billion, 3.5-meter thick plate. The core is an integrated magnetic and optical device that consists of six electrodes positioned in between four aluminum electrodes and"
138,Product 38,Brand 2,Blue,M,Paper,"Generate a product description for a Blue M Paper Brand 2 Product 38.1 KB Product Name 81922333.0 KB Product Size 50 KB Product Code 2038 Product Name 300001 Product Description Color 1.0 mm Black (0.08 mm) 2.0 mm Red (2.0 mm) 5.0 mm Yellow (5 mm) Product Type Multi-color Paper Product Numbers 81922317-88

Page 1, 9


Include the description of"
139,Product 39,Brand 3,Silver,,Wool,"Generate a product description for a Silver nan Wool Brand 3 Product 39.5 3.5 1.5,000 Silver 100,000 18,360

Product description for Goldnan Wool Brand 3 Product 40.5 3.5 1,600 Silver 100,000 18,320

Product description for Silver Nylon Wool Brand 3 Product 41.5 3.5 1,650 Silver 100,000 18,040

Product description for Silver Tiara Wool Brand 3 Product 42."
140,Product 40,Brand 4,Gray,15-inch,Leather,"Generate a product description for a Gray 15-inch Leather Brand 4 Product 40.4

6 Product 40.4

6 Product 40.4"
141,Product 41,Brand 0,Green,,Synthetic,"Generate a product description for a Green nan Synthetic Brand 0 Product 41.16% 10.25% 20.00% 26.00% 3.00%

""This product is made from carbon and nanostructured fiber and has an innovative design based on fiber materials and fiber weave technology. These are unique products and can be utilized in production if desired.""

""These products are great features and are used to make industrial products like power inverters. They provide a more"
142,Product 42,Brand 1,Orange,L,Plastic,"Generate a product description for a Orange L Plastic Brand 1 Product 42.00 8.00 4,333.00 4,333.00 7.33 7.33 12 14 14 14 14 14 14 14 14 4,333,33 1.00 3,400.00 10.00 7.00 6.00 10.00 7.00 13.33 14 14 14 14.00 14 14 14 15 14 14 14 15 14 14 14 2,600 16 17 18 19 20"
143,Product 43,Brand 2,Red,10,Cotton,"Generate a product description for a Red 10 Cotton Brand 2 Product 43.7 g | 1 mpg | 2 hpg | 1 mpg | 0% | 8.5% | 0.0% | 0% | 0% | 0% | 0% | White Water and White Tea

Cotton Wool

Cotton is an excellent choice for hiking and outdoor use. One of the biggest downsides to Cotton Wool is its lack of durability. As an additive used in many"
144,Product 44,Brand 3,Black,,Metal,Generate a product description for a Black nan Metal Brand 3 Product 44. Select 1 3 4 5 6 37 36 39 40 41 1 3 4 5 6 37 36 39 40 41 1 As a Black Nanotechnological Technology The Black Nano Nanotechnologies are designed to meet the global needs which our customers need today. Black Nanotechnological Technology has been building products for a long time. We are committed to being able at every stage to deliver the products that the global marketplace demands. In
145,Product 45,Brand 4,Blue,M,Aluminum,"Generate a product description for a Blue M Aluminum Brand 4 Product 45.00 1/2"" 5 1/4"" 6 1/4"" 7 1/4"" 8 1/4"" 9 3/16"" 10 3/16"" 11 4/8"" 12 4/8"" 13 7/8"" 14 8/8"" 15 9/8"" 16 10/8"" 17 11/8"" 18 12"" 19 11/8"" 20 12/16"" 21 13"
146,Product 46,Brand 0,Silver,,Paper,Generate a product description for a Silver nan Paper Brand 0 Product 46.3 6.8 7.8 7.8 7.8 Product Description 0 Product 46.3 10.0 10.0 10.0 Product Description 0 Product 46.1 8.8 8.8 15.0 Product Description 12 Product 46.0 12.0 16.0 Product Description 11.0 Product 47 Product 48.0 22.0 22.0 19.0 Product Description 24 Product 48.0
147,Product 47,Brand 1,Gray,15-inch,Wool,"Generate a product description for a Gray 15-inch Wool Brand 1 Product 47.99 1 Product 47.99 1,000,000 $0.00 $0.00 $0.00 $0.00 Buy Now, the following colors are great for outdoor, outdoor, and light applications with a medium to heavy density or bulk:

The following colors are excellent for outdoor, outdoor, and light applications:

Wool Color

Gray 15-inch Wool

F"
148,Product 48,Brand 2,Green,,Leather,"Generate a product description for a Green nan Leather Brand 2 Product 48.5%

3.5%

Ultra-light Performance

Our Green Leather 2 Product is rated by our readers at the Best 3rd Overall 3rd Place in Best Organic Leather Brand's Overall 3rd Place in Best Beads 3rd Place in Best Brand's Best Best 1st Place in Best Organic Leather Brand's 1st Place in Best Organic Leather Brand's Overall 2nd Place in Best Organic Leather"
149,Product 49,Brand 3,Orange,L,Synthetic,"Generate a product description for a Orange L Synthetic Brand 3 Product 49.5% Yes Yes 5% Yes Yes 9% Yes Yes Yes Yes 4% Yes Yes Yes Yes 3% Yes 0% Yes Yes Yes Yes Yes 0%

21 The Alchemist's Den 7.25% Yes Yes Yes 4% No 29% 10% 9% 4% 4% 4% 0% 3% Yes Yes Yes Yes Yes Yes No No 0% Yes Yes Yes Yes No 0% Yes Yes"
150,Product 50,Brand 4,Red,10,Plastic,"Generate a product description for a Red 10 Plastic Brand 4 Product 50.00 $4.00


Redwood's Redwood

Redwood Wood

Redwoodwood - CUSTOM SHIPPING ORDERING ORDERING - Please include information about your address, order number, description, shipping address, address and your shipping quote.


This will include shipping to:

USA: $3.99

International: $2.60


Please take responsibility for"
151,Product 51,Brand 0,Black,,Cotton,Generate a product description for a Black nan Cotton Brand 0 Product 51.9% Off 0.0% Off 0.6% Off 0.8% Off 0.9% Off 0.9% Off 0.9% Off 0.9% Off 0.9% Off 0.9% Off 0.9% Off 0.9% Off 0.9% Off 0.9% Off 0.9% Off 0.9% Off 0.9% Off 0.
152,Product 52,Brand 1,Blue,M,Metal,"Generate a product description for a Blue M Metal Brand 1 Product 52.00

This product can be found in the United States. All brands sold are genuine Metal Brand 1 Products. (Some are not or are not approved by U.S. FDA for human use. Only the original manufacturers of the products are included.) Each one of these products is designed to meet the specific needs and needs of your needs and to provide you a product that would fit you as you type your words. A"
153,Product 53,Brand 2,Silver,,Aluminum,"Generate a product description for a Silver nan Aluminum Brand 2 Product 53.6 x 46 x 30.8mm 6 x 21.3mm (3cm x 5cm) x 1.13 x 1.07 x 0.03"" 0x

Product Description and Specifications

All product descriptions are subject to change and may not reflect their best representations or recommendations of the company. The information displayed here should be used as a guide only.

Product description can be found here:"
154,Product 54,Brand 3,Gray,15-inch,Paper,"Generate a product description for a Gray 15-inch Paper Brand 3 Product 54.8

6. Customizing Product Description 1 Product Description 2 3 4 6 7 8 9 10 11 12 13 14 15 16 17 18 19 20 21 22 23 24 25 26 27 28 29 30 31 32


If you want to include your products on other sites, please allow up to 6 months. I will consider adding your name and Contact information in the future.


You will not be able to"
155,Product 55,Brand 4,Green,,Wool,Generate a product description for a Green nan Wool Brand 4 Product 55.29 % (25.25 ) (25.25 ) (25.25 ) (25.25 ) (25.25 ) (25.25 ) (25.25 ) (25.25 ) (25.25 ) (25.25 ) (25.25 ) (25.25 ) (25.25 ) (25.25 ) (25.25 ) (25.25 ) (25.
156,Product 56,Brand 0,Orange,L,Leather,"Generate a product description for a Orange L Leather Brand 0 Product 56.09 $9.40 4.29 0.00% $5.00 50 5% 100% $5.00 0 $0.00 0 $0.00 0 Total $11.29 Product 1,067 0.00% $4.67 0.00% $4.67 0.00% Item Count Item Name Item 1 Item 2 Item 3 Item 4 Item 5 Item 6 Item 7 Item"
157,Product 57,Brand 1,Red,10,Synthetic,"Generate a product description for a Red 10 Synthetic Brand 1 Product 57.7% 99%

BriarBerry 0 0

4 10% - 2 4 - 1 5 - 2 3 5 4 - 3 7 3 7 - 5 15 10 15 - 7 20 10 20 - 1 40 10 40 - 1 42 10 42 - 2 45 10 42 - 3 48 10 42 - 4 50 10 42 - 5 51 10 42 - 6 52 11 41 - 7 53 11 41 -"
158,Product 58,Brand 2,Black,,Plastic,Generate a product description for a Black nan Plastic Brand 2 Product 58.5% 2 6.0% 0 0.5% Item 62.0% 2 4.0% 0 0.5% Item 63.0% 2 1.0% 0 0.5% Item 63.0% 2 0.5% 0 0.5% Item 65.0% 2 8.0% 0 0.5% Item 64.0% 2 3.5% 0 0.
159,Product 59,Brand 3,Blue,M,Cotton,"Generate a product description for a Blue M Cotton Brand 3 Product 59.94%

Blue Smoothie 6.5"" Long

4.8lb Weight 0.12g

Size 25g

The Blue Smoothie is a brand new product that was created in 2016. The Smoothie is an original and innovative product that will transform a great product into a brand new product. For more information about the Smoothie please visit: http://www.BlueSmoothie."
160,Product 60,Brand 4,Silver,,Metal,"Generate a product description for a Silver nan Metal Brand 4 Product 60.000 KB (2828 bytes)


- Add a button under the Product Detail Viewer in Product Details Viewer, you can add or edit specific parts of the product, for example in a custom product placement or a logo.

- Click the button to view your selected Product Details.


- To edit any of the selected Product Details viewers, use the buttons below the User Detail Viewer."
161,Product 61,Brand 0,Gray,15-inch,Aluminum,"Generate a product description for a Gray 15-inch Aluminum Brand 0 Product 61.02 0.00% 1407.20 0.00% 0.00% 0.00% 9.33%

The Gray 15-inch Air Cleaner is an air cleaner that helps with odor and will last several full hours once a unit is thoroughly flushed with the most effective cleaner to make it so that you can wash it clean clean. This unique water quality makes the Gray 15-inch air"
162,Product 62,Brand 1,Green,,Paper,"Generate a product description for a Green nan Paper Brand 1 Product 62.12.18-1150 (SVN) or an MSDN Product 62.12.18-1150 (SVN) with an MSDN MSDN01004 (SVN).

Product Reference URL:

http://www.greenend.com/

Copyright Notice

This information is not provided for information purposes. The use of this information does not guarantee the availability of"
163,Product 63,Brand 2,Orange,L,Wool,Generate a product description for a Orange L Wool Brand 2 Product 63.99 2 (40.00) 3.99 70.5 3 (80.75) (90.75) Orange L Wool (10.00) 3 (10.00) 3.99 70.0 3 80.25 7.40 (100.00) 8.55 (100.00) 9.00 (100.00) (100.00) 10-10 11 Products 3.99
164,Product 64,Brand 3,Red,10,Leather,"Generate a product description for a Red 10 Leather Brand 3 Product 64. (If you are using 6.2.3 and upgrading from 5.0.15, choose any version earlier than 12-20-2016 to create the product description for the device.)

Product Details

A product description for a Red 10 Leather Brand 3 Product 64 (If you are using 6.10.1 and upgrading from 5.3.2 with 8.2.12a-b for this"
165,Product 65,Brand 4,Black,,Synthetic,"Generate a product description for a Black nan Synthetic Brand 4 Product 65.000

5. $2,700

$40 $25 $9

$9.00

$2,700

$25

$29

$10

$20

$19

$18

$15

$15

$10

$15

$$

#1

0

#2"
166,Product 66,Brand 0,Blue,M,Plastic,"Generate a product description for a Blue M Plastic Brand 0 Product 66.8 MB 2 6,788 34,000 2,973 10.6% 1,500 50 30,000 2,800 12.8% 30,000 6,788 33,000 2,973 10.6% 6,788 10,800 1,900 44,000 2,973 5,640 25.2% 26,000 1,900 43,000 2,"
167,Product 67,Brand 1,Silver,,Cotton,"Generate a product description for a Silver nan Cotton Brand 1 Product 67.33 KB | 20 Jul 2012 11:30 PM

This is a Silver product description for Cotton brand.

This product name was not selected.

Click to expand..."
168,Product 68,Brand 2,Gray,15-inch,Metal,"Generate a product description for a Gray 15-inch Metal Brand 2 Product 68.33 oz. for $5.20.

This product description includes instructions, measurements, colors, tags, instructions for placing a product in a glass container, and information on manufacturing process so that you can obtain an accurate product description as well as product assembly.

Product Name

Product Details

The products shown in this publication are not complete, and are incomplete. The products are not available for"
169,Product 69,Brand 3,Green,,Aluminum,"Generate a product description for a Green nan Aluminum Brand 3 Product 69.66% $18.99 $3.59 $4.99

Buy a product from Amazon.com

Product Description: The aluminum aluminum product is an easy-to-use additive that has been widely used to make all-encompassing and versatile products. The color selection is clear, vibrant and detailed.

Buy the Aluminum product, Product Description: The Aluminum aluminum product is built into a"
170,Product 70,Brand 4,Orange,L,Paper,"Generate a product description for a Orange L Paper Brand 4 Product 70.

Product Description for another Orange Paper Brand 5 Product 71.

Product Description for this new Orange Paper Brand 6 Product 72.

New product description has been added if an item you already have from a previous post. It will display it if it was not included on the label above. This will help a lot when selling your product.

How to change the Quantity and Product Description.

Check the"
171,Product 71,Brand 0,Red,10,Wool,Generate a product description for a Red 10 Wool Brand 0 Product 71.0% 0 0 0 Product 7.8% 0 0 0 Product 20.9% 0 0 0 Product 14.8% 0 0 0 Product 5.0% 0 0 0 Product 7.3% 0 0 0 Product 24.8% 0 0 0 Product 18.9% 0 0 0 Product 14.1% 0 0 0 Product 16.0% 0 0 0 Product 04.3% 0 0 0
172,Product 72,Brand 1,Black,,Leather,"Generate a product description for a Black nan Leather Brand 1 Product 72.2 %

100.0 % (22) 11,547.5 % 100.0 % (22) 11,547.5 %

* 0.02 % (7)

Manufacture 3.00% 100.0 % (22) 1,000.0 % 100.0 % (22) 1,000.0 %

† 0.03 % (7"
173,Product 73,Brand 2,Blue,M,Synthetic,"Generate a product description for a Blue M Synthetic Brand 2 Product 73.6% (100.5%) Blue M Synthetic Brand.

Product Description

The blue dye on the logo is an organic molecule from the blue crystal structure that produces blue pigments.

Blue M Synthetic Brand's Blue Oxide Aligns:

The blue dye on the logo is an organic molecule from the blue crystal structure that produces blue pigments.

Blue M Synthetic"
174,Product 74,Brand 3,Silver,,Plastic,"Generate a product description for a Silver nan Plastic Brand 3 Product 74.5* Product 77.5* Product 79.5* Product 80.5* Products 81* Tested Product 82

Categories


Products

Silvernan Plastic

Product Description

""Silver Nan Plastics is formulated to help make our customers feel like you and to save time and money. It makes them feel confident and more productive to work with Silver Nan. We guarantee 100% Satisfaction Guarant"
175,Product 75,Brand 4,Gray,15-inch,Cotton,"Generate a product description for a Gray 15-inch Cotton Brand 4 Product 75.4% cotton

Color

Multi-dimensional

Flexible Length

Width and Height

Matching

Weight

Size

5.7 oz. White 1.4 oz. Purple 2.8 oz. Yellow

Black

Goldsmith/Woodworking

Holds a unique product that is durable and durable."
176,Product 76,Brand 0,Green,,Metal,"Generate a product description for a Green nan Metal Brand 0 Product 76.5 Product 77.5 Product 80.5 Product 92.5 Product 92.5 Product 95, 95, 93 Product 89 Product 87 Product 86 Product 84 Product 80 Product 79 Product 78 Product 75 Product 74.5 Product 74.5 Product 73 Product 72.5 Product 70 Product 70.5 Product 69 Product 69.5 Product 67 Product 67 Product 66 Product 65 Product 64 Product 63 Product 63 Product 62 Product 62.5"
177,Product 77,Brand 1,Orange,L,Aluminum,"Generate a product description for a Orange L Aluminum Brand 1 Product 77.5%

1 Product 72.5%

2 Approximate shipping times, depending on the size of purchase.

This product packaging and quality control process ensures that your Orange L packaging is always clean, current and completely free of fingerprints."
178,Product 78,Brand 2,Red,10,Paper,"Generate a product description for a Red 10 Paper Brand 2 Product 78.0% (4,823) 0% 1% 3% 52.67% (0%) 15% 2% 2.17% (0%) 9% 2.15% (0%) 6% 2.14% (0%) 0%

(13)

Product name/product year Model Number Quantity 0 - 1 612 992 Model Year Model Number Quantity 0 - 1 472 45"
179,Product 79,Brand 3,Black,,Wool,"Generate a product description for a Black nan Wool Brand 3 Product 79. (Note: the manufacturer name that appears at the top of an order will not be the actual name, name or brand of the item.) When you print and distribute our product descriptions you are asking yourself, ""How much are I getting?"" And if you don't know which is cheaper, what are I getting?"" At the same time, when you buy a product on our store, we value your privacy and security, and"
180,Product 80,Brand 4,Blue,M,Leather,"Generate a product description for a Blue M Leather Brand 4 Product 80.01, or 50.01, or 50.02 or 50.02 1 / A Description 0.01 1.00 2.00 4 1

If any of these steps fails, create a new Product Product Type for Yellow M leather in a single button-down position (not available on Windows 10 devices). You may also create Product Order 2 in the Product Type menu.

For Yellow M leather that is"
181,Product 81,Brand 0,Silver,,Synthetic,Generate a product description for a Silver nan Synthetic Brand 0 Product 81.5 Product 82.5 Product 83.5 Product 84.5 Product 85.5 Product 86.5 Product 87.5 Product 88.5 Product 89.5 Product 90.5 Product 91.5 Product 92.5 Product 93.5 Product 94.5 Product 95.5 Product 96.5 Product 97.5 Product 98.5 Product 99.5 Product 100.5 Product
182,Product 82,Brand 1,Gray,15-inch,Plastic,"Generate a product description for a Gray 15-inch Plastic Brand 1 Product 82.9mm x 1005.0mm In-Product ID: 0 Type: Plastic Type: Plastic Type: Plastic Type: Plastic 1 Type: Plastic Part Number: 1 Type: Plastic Part Number: 1 Type: Plastic Part Number: 1 2 Product #: 1

This item no longer sells. This time around, this product has been temporarily replaced with a new, better quality product designed and shipped in our"
183,Product 83,Brand 2,Green,,Cotton,"Generate a product description for a Green nan Cotton Brand 2 Product 83.1% | 15.5% 1.8 billion 5.25% | 1.9 billion 24.00% | 2 million 0.25% | 100 million 1.06% | 1000 1.03% |

1.5 billion in total.

4.5 million customers.

It's the most important part of marketing. It will give you the information and make you more efficient."
184,Product 84,Brand 3,Orange,L,Metal,"Generate a product description for a Orange L Metal Brand 3 Product 84.5.1.5/10 0xA6D 0xD6E 1xE5 20 x $49.com.au. You have 30 days to return the item at the time it is received. (this can be 1-3 days, depending on the time of loss and the type of lancet) This information is used to create, update and deliver the Orange L Brand Brand. If"
185,Product 85,Brand 4,Red,10,Aluminum,"Generate a product description for a Red 10 Aluminum Brand 4 Product 85.5 % from the previous model. For example, the original item name could not be found, or a different item might not be found. A 2D sticker must not be associated with the same product, a 2D label or label with the wrong size or color and a label which is incorrectly applied can indicate the incorrect version. For all other items, a label with the wrong contents of a 2D label can indicate the"
186,Product 86,Brand 0,Black,,Paper,"Generate a product description for a Black nan Paper Brand 0 Product 86.1% Black $100.00 Quantity Buy Now


Product Description Product Description Black Paper Brand 0 Black Paper Paper Brand 0 is a very interesting product to look at, it is not something they need to know about. The information shown here is based upon our recent research results. This product can create an amazing new way of interacting with your product. These concepts will help you quickly get started with this new technology and will provide"
187,Product 87,Brand 1,Blue,M,Wool,"Generate a product description for a Blue M Wool Brand 1 Product 87.5% 60.0% 8.0% 1.7% 25.0% 10.9%

Product description for a Blue M Wool Brand $25.00

(Blue: $5) 20 (20% of a product) 20% 20% $5

Product description for a Blue M Wool Brand 10 (10% of a product) 10% 12% 5.0% 7"
188,Product 88,Brand 2,Silver,,Leather,"Generate a product description for a Silver nan Leather Brand 2 Product 88.04 KB (21.18 KB, Downloads): 898

Add to Bag

Add-Ons

Addressed Shipping

Add to Cart

Item No. of Cigarettes / Vape Pen

Size (cm)

¼ (1/8)""

¼ (1/16"")

2.4 oz

¼ (3/4"")"
189,Product 89,Brand 3,Gray,15-inch,Synthetic,"Generate a product description for a Gray 15-inch Synthetic Brand 3 Product 89.92, and send the product details to: product@pandora.ca

This page provides general information on the various Gray products. It is also the basis for listing of the following Gray products with the same name. Note that the following products may not be available during the same product's first three months. Gray 17-inch Synthetic Brand 4 Product 91-85.92, Product Name:"
190,Product 90,Brand 4,Green,,Plastic,"Generate a product description for a Green nan Plastic Brand 4 Product 90.1% 100% 90.1%

If you select a brand, or choose Product Category 5, you can manually populate the product description with your chosen model number to create a brand product.


A Green Nano 5 Product 90.1%"
191,Product 91,Brand 0,Orange,L,Cotton,"Generate a product description for a Orange L Cotton Brand 0 Product 91.02% 0 Product 90.06% 0 Product 90.12% 0 Product 89.04% 0 Product 89.02% 0 Product 88.99% 0 Product 87.91%

We then applied the formula that shows the cost of product usage to a product listing in the Product and Product categories to see how much money it will generate from user referrals. The result showed we could generate $6.6M"
192,Product 92,Brand 1,Red,10,Metal,"Generate a product description for a Red 10 Metal Brand 1 Product 92.00

1434 7/27/2013 13:38:10 16:09:20 Product Designer 0 No 7 10 2 13 12 21 13 0 0 6 0 5 9 0 5 8 11 1 4 0 1 8 0 1 1 0 0 4

1435 7/31/2013 8:00:55 16:33:13 Design Designer 9 No 7 2 3 9 5 8 14 10 0 2"
193,Product 93,Brand 2,Black,,Aluminum,"Generate a product description for a Black nan Aluminum Brand 2 Product 93.10% Red 2.45% Blue 13.95% Pink 30.45% Purple 40.46% Gold 35.88% Silver 40.44% Total 60.00%

Note: These table data were taken from Google's GraphQL-powered test of the Product description data from the product descriptions API.

Product Description 0x00a: Product name 0x0011: Quantity of products 0"
194,Product 94,Brand 3,Blue,M,Paper,"Generate a product description for a Blue M Paper Brand 3 Product 94.9 %

1

3 0.00 % 3

2 0.00 %

1 0.00 %

0 0.00 %

1 0.00 %

1 0.00 %

1 0.00 %

9 0.00 %

1 0.00 %

12 0.00 %

1 0.00 %"
195,Product 95,Brand 4,Silver,,Wool,"Generate a product description for a Silver nan Wool Brand 4 Product 95.00 Product 95.00 1 Product 97.00 2 Product 90.50

Innovation: 4 Product 95.00 4 Product 95.00 1 Product 93.00

Innovation: 4 Product 95.00 5 Product 95.00 1 Product 91.90 1 Product 91.00

Innovation: 4 Product 95.00 1 Product 95.00 1 Product 89.90 1 Product"
196,Product 96,Brand 0,Gray,15-inch,Leather,"Generate a product description for a Gray 15-inch Leather Brand 0 Product 96.3% of the price $15.95 Free shipping All Products are available in the United States.


We ask that you consider adding this item to your cart. Please include your shipping address if you are interested in ordering. The shipping cost for items not ordered here will be charged at checkout.


Shipping is extremely fast and includes fast shipping through UPS, FedEx, FHI, and USPS Priority Mail,"
197,Product 97,Brand 1,Green,,Synthetic,"Generate a product description for a Green nan Synthetic Brand 1 Product 97.5 ± 0.2 5.5 5.5 5.5 4.75 2.25 1.15 0.99 0.1

Reduce the average price of each Red Red Synthetic Product by the amount of the product you will sell to your customers. This will reduce the price of products you sell and will help reduce the amount of time you spend on creating a Green product. 1"
198,Product 98,Brand 2,Orange,L,Plastic,"Generate a product description for a Orange L Plastic Brand 2 Product 98.7% 91% 94% 94% 99% 96% 95% 92% 93% 93% 96% 95% 92% 92% 92% 95% 94

The second product is the L-Packer 2, which is a brand of reusable plastic that sells for $49 and is ideal in a large outdoor outdoor setting. The brand is the new L-Packer Brand in Canada.

Green L"
199,Product 99,Brand 3,Red,10,Cotton,"Generate a product description for a Red 10 Cotton Brand 3 Product 99.6% | Price (USD) | (EUR) | (BR) | (€¥) | (€U) | (Lng) | (US$) | (£P) | (+) | (€L) | 14

1

(9) 0.09%

1

(2) 0.07% | 0.12% |

("
200,Product 100,Brand 4,Black,,Metal,"Generate a product description for a Black nan Metal Brand 4 Product 100.00

40.00

40.00 Catalog

Catalog is the primary way we get your order.

We are the home of a leading supplier, we are a distributor, brand management, and manufacturing power.

With 10 years of continuous growth with a goal to bring excellence in quality services for our customers,

We have never stopped offering our customers a product that makes them want to buy"
201,Product 101,Brand 0,Blue,M,Aluminum,"Generate a product description for a Blue M Aluminum Brand 0 Product 101.67

Product 102.67

Product 103.67

Product 104.67

Product 105.67

Product 106.67

Product 107.67

Product 108.67

Product 109.67

Product 110.67

Product 111.67

Product 112.67

Product 113.67

Product 114.67

Product 115.00"
202,Product 102,Brand 1,Silver,,Paper,"Generate a product description for a Silver nan Paper Brand 1 Product 102.2 % of available value.

Table 3. Product Description for a Silver nan Paper Brand Product 102.2% of available value Product 102.2 % of available value Product 102.2 % of available value Product 102.2 % of available value Product 102.2 % of available value Product 102.2 % of available value Product 102.2 % of available value Product 102.2 % of available value Product 102"
203,Product 103,Brand 2,Gray,15-inch,Wool,"Generate a product description for a Gray 15-inch Wool Brand 2 Product 103.

This Product Reviews Product Status: This is a finished product.

This product reviews Product Status: This is for use in a product review service. This product is for promotional use only and is not designed to be used in a professional, general sense.

This Product Reviews Product Status: This is a finished product. This product reviews Product Status: This product review service is not provided by Black Widow"
204,Product 104,Brand 3,Green,,Leather,Generate a product description for a Green nan Leather Brand 3 Product 104.14 1.0% 0 0 3 3 103.06 10% 4.18% 0.14% 0.24 1.17 Green Nan Wood Fabric 0 0 3 0 3 0 23.43 0.24 2 10 27 21 15 25 2.18 0.19 3 15 21 26 15 0.21 4 16 17 16 1.22 0.22 5 31 22 9 19 8 22 11 0.24
205,Product 105,Brand 4,Orange,L,Synthetic,"Generate a product description for a Orange L Synthetic Brand 4 Product 105.03.101.0

9.2.18.0 Product description: Orange L Synthetic Brand Inc.

Inventor(s): Linnell & Sons Inc.,

Distribution(s): Orange L Synthetic Brand Inc./NASDAQ: ORNL.

Released on 6/18/2017 by Orange L Synthetic Brand Inc.

Use by: OLS,"
206,Product 106,Brand 0,Red,10,Plastic,"Generate a product description for a Red 10 Plastic Brand 0 Product 106.1, 10,00, 10,00, 10,00 Products 2, 15, 15, 15, 14, 15, 18, 24, 24, 24 Models 12, 16, 16, 16, 17, 31, 37, 45, 60, 81, 102, 109, 115

Product # 1 Product 1 Product 2 Product 3 Product 4 Product 5 Product 6

For Red 10 Plastic, choose the"
207,Product 107,Brand 1,Black,,Cotton,Generate a product description for a Black nan Cotton Brand 1 Product 107.000 $ 1.00 $ 2.00 $ 1.00 $ 2.00 $ 3.00 $ 1.00 $ 2.00 $ 2.00 $ 3.00 $ 3.00 $ 2.00 $ 3.00 Product 2 Product 107.000 $ 1.00 $ 2.00 $ 1.00 $ 2.00 $ 7.00 $ 1.00 $ 7.00 $ 1
208,Product 108,Brand 2,Blue,M,Metal,Generate a product description for a Blue M Metal Brand 2 Product 108.1 KB/s Generic Metal 1 - Red Metal Brand 1 - Brass Metal Brand 1 - Brass Metal Brand 0 - Silver Brand 1 - Copper Brass Brand 1 - Copper Metal Brand 0 - Copper Metal Brand 0 - Stainless Steel Brand 0 - Stainless Steel Metal Brand 1 - Stainless Steel Manufacturer Name Value
209,Product 109,Brand 3,Silver,,Aluminum,"Generate a product description for a Silver nan Aluminum Brand 3 Product 109.0

Product description

Features

Product Description Product description


Redstone is a lightweight, light-weight polymer. It's the foundation of every metal. The metal itself is not fragile and is easy to reuse!

Product Description

Product Description Product description


What's in a name? What's a product? A logo? A color palette? What's inside a product? A phrase"
210,Product 110,Brand 4,Gray,15-inch,Paper,"Generate a product description for a Gray 15-inch Paper Brand 4 Product 110.0% Free PDF View in iTunes

29 Clean Episode 7 - Black Market - What Customers Really Want to Know About Business-Grade Material. The Black Market, a thriving business-grade materials group, has become one of the top financial-services firms. In this guest article, we analyze a market that spans 10 major financial companies, assess the quality of their products and offer a perspective on Black Market members."
211,Product 111,Brand 0,Green,,Wool,"Generate a product description for a Green nan Wool Brand 0 Product 111.0

6. Red 1

Product 112.0

7. Orange 1

Product 114.2

8. Red 0

Product 114.4

9. Orange 1

Product 114.5

10. Blue 1

Product 115.0

11. Pink -1

Product 115.1

12. Yellow 0

Product 115."
212,Product 112,Brand 1,Orange,L,Leather,"Generate a product description for a Orange L Leather Brand 1 Product 112.00 (1 gallon) 1.00 1.00 1.00 1.00 1.00 1.00 1.00 1.00 1.00 1.00 1.00 1.00 1.00 1.00 1.00 1.00 1.00 1.00

Customize as many items as you like (no spam or duplicates!) using the button above so you can tell your"
213,Product 113,Brand 2,Red,10,Synthetic,"Generate a product description for a Red 10 Synthetic Brand 2 Product 113.00 8.00 542 - - - - - - - - - - - No warranty on the product. Contact the manufacturer to learn more.


(9) Sell or rent goods or services at any red 10 retail store, no matter where they are located or where they are sold. No product can be sold or used for business as a trade card. Commercial sales in excess of those allowed for cash flow"
214,Product 114,Brand 3,Black,,Plastic,Generate a product description for a Black nan Plastic Brand 3 Product 114.00 25% 15% 2% 0% Product 1 Product 2 Product 3 Product 4 Product 3 Product 4 Product 4 Product 4 Product 4 Product 4 Product 4 Product 4 Product 4 Product 4 Product 4 Product 4 Product 4 Product 4 Product 4 Product 4 Product 4 Product 4 Product 4 Product 4 Product 4 Product 4 Product 4 Product 4 Product 4 Product 4 Product 4 Product 4 Product 4 Product 4 Product 4 Product 4 Product 4 Product 4
215,Product 115,Brand 4,Blue,M,Cotton,Generate a product description for a Blue M Cotton Brand 4 Product 115.5 % Product Name Price Description Color Description 4 x Blue M Cotton Cotton Candy M.3G Cotton.com 4 x Cotton Products 4 x Cotton Candy M.3G Cotton Candy M.3G Cotton Candy M.3G 3 x Cotton Candy M.3G Cotton Candy K-7 Cotton Candy K.4L Cotton Candy L.1G Cotton Candy M.2G Cotton Candy M.3G Cotton Candy
216,Product 116,Brand 0,Silver,,Metal,"Generate a product description for a Silver nan Metal Brand 0 Product 116.0 0 5 - 0.1435 - 0 3.36 - 0 4.56 0.34 0.35 Product 117 0 5 - 0.1435 - 0 4.36 - 0 3.37 - 0 4.54 0.33 0.35 Product 118 0 5 - 0.1374 0 0.54 0.34 0.39 Product 119 1,000 2,050 4,500 5"
217,Product 117,Brand 1,Gray,15-inch,Aluminum,"Generate a product description for a Gray 15-inch Aluminum Brand 1 Product 117.9

Product Description, or any other information you may have from this website:

Product information is available in the following online store, but may contain affiliate links. See the Privacy Policy for more information. The ""Color"" tab is part of our Terms of Use.

In order to use this app you must be a member of the online community and you are a member by paying a $5"
218,Product 118,Brand 2,Green,,Paper,"Generate a product description for a Green nan Paper Brand 2 Product 118.9 0.99% ✓ ✓ ✓ 2-particle-per-unit-for-1-in-1-octyl-cyano-diphenylhydrous-benzene (X-DOPE).

0 0 1 ✓ 5-particle-per-unit-for-1-octyl-cyano-diphenylhydrous-benzene (X"
219,Product 119,Brand 3,Orange,L,Wool,"Generate a product description for a Orange L Wool Brand 3 Product 119.00 x 22.25mm, 3.1 g (1.04 oz). 3/4"" x 1/4"" x 1/4"" or 3/4"" x 1/4""

2.50 x 15.00mm (2.50 x 16 mm).

Shipping is FREE USPS First Class International Mail. Express Mail is for Priority Mail and Express Signature Mail. Mailing costs are"
220,Product 120,Brand 4,Red,10,Leather,"Generate a product description for a Red 10 Leather Brand 4 Product 120.3 x 38.7 mm. - 2.7g

Product Dimensions: 28"" x 4"" - 3.18"" in.

Weight: 27.5g

Product Type: Metal

Features:


Includes : Red 10 Leather Red 1.0 L

Shipping Information Please refer to the Shipping Information page"
221,Product 121,Brand 0,Black,,Synthetic,"Generate a product description for a Black nan Synthetic Brand 0 Product 121.2% 99.0% Item 619.8% 7,800.3% 10,000.0% 0.0% Item 474.9% 2,600.4% 3,000.0% 0.0% Item 727.0% 2,100.0% 3,100.0% 0.0% 99% Item 699.2% 3,600."
222,Product 122,Brand 1,Blue,M,Plastic,"Generate a product description for a Blue M Plastic Brand 1 Product 122.2 0.00% 0.00% Quantity Add to cart Quantity Add To Cart 1 Product 122.2 0.00% 0.00% Quantity Add to cart

Product Description

This product includes the original Blue M plastic.

This item is also available to order in the standard 8ml tank."
223,Product 123,Brand 2,Silver,,Cotton,"Generate a product description for a Silver nan Cotton Brand 2 Product 123.5.100.123.100.199.1.com/products/1-3-1-3-10-212.html

Include your product details in a Product Description Submission section.

If you would like to continue using a Product Description Submission option, please select your product details from the options under your account description."
224,Product 124,Brand 3,Gray,15-inch,Metal,"Generate a product description for a Gray 15-inch Metal Brand 3 Product 124.97% Price $16.99 Quantity - Learn More

Product Description: Grey 13-inch Wood Brand 3 Product 104.34% Price $18.95 Quantity - Learn More

Product Description: Gold 14-inch Steel Brand 3 Product 104.34% Price $19.95 Quantity - Learn More

Product Description: Gold 13-inch Wood Brand 2 Product 104.34% Price $20"
225,Product 125,Brand 4,Green,,Aluminum,"Generate a product description for a Green nan Aluminum Brand 4 Product 125.00

$50.00 100.00

Product Description for a Green 3:06 Blue-black 9-ounce, 10 - 11-ounce green packaging

$30.00 100.00

Product Description for a Green 7:13 Purple-black, 10 - 11-ounce. Green packaging, including colors, has different, higher colors for different products

$6.00 100."
226,Product 126,Brand 0,Orange,L,Paper,"Generate a product description for a Orange L Paper Brand 0 Product 126.0 12.55 12.05 12.00 $9.14.

Orange L Paper Brand Select L Pen 0 No 0 No 2 2 4 5 6 7 8 9 20 21 22 0 0 0.60 0.60 0.60 1.60 2.00 1.90 3.90 5.90 6.90 7.80 8.70 9.70 10.60 11.70 12."
227,Product 127,Brand 1,Red,10,Wool,"Generate a product description for a Red 10 Wool Brand 1 Product 127.00% off with promo code PRIZ (with code HOLDED at checkout.)

""You will need three items of fabric (10 wool, 5 wool, 6 wool)""

The Red 10 Wool Brand is a brand offering for Wool, 100% wool, 1 oz polyester, and 100% polyester (2 oz) or 0.5 oz polyester, all of which require one order (sold"
228,Product 128,Brand 2,Black,,Leather,Generate a product description for a Black nan Leather Brand 2 Product 128.8 × 128.8 X 128.8 X 8.9 In. 5 Black Nylon 3 Product 124.8 × 124.8 X 124.8 X 8.9 In. 5 Black Nylon 4 Product 130.8 × 130.8 X 128.8 X 8.9 In. 5 Black Nylon 5 Product 143.8 × 143.8 X 128.8 X 8.9 In.
229,Product 129,Brand 3,Blue,M,Synthetic,Generate a product description for a Blue M Synthetic Brand 3 Product 129.4 g 3-Pack 1-Pack 2-Pack 3-Pack 1-Pack 7-Pack 1-Pack 6-Pack 1-Pack 6-Pack 6-Pack 5-Pack 5-Pack 5-Pack 5-Pack 5-Pack 4-Pack 4-Pack 3-Pack 3-Pack 2-Pack 2-Pack 2-Pack 3-Pack 2-Pack 3-Pack 2-Pack 3
230,Product 130,Brand 4,Silver,,Plastic,"Generate a product description for a Silver nan Plastic Brand 4 Product 130.5 Inexpensive Naturals (Cadmium, Magnesium, Polenta and Green)

Product Description - 50mm (1 inch across).

Specifications - 5mm Diameter (1 inch inside, 2 inch in) - 100mm (3.5mm Diameter)

Quantity on each product was calculated based on the original specifications and product information. This product was reviewed by the Product"
231,Product 131,Brand 0,Gray,15-inch,Cotton,Generate a product description for a Gray 15-inch Cotton Brand 0 Product 131.00% $2.40 0.00% $2.40 0.00% $2.40 0.00% $2.40 0.00% $2.40 0.00% $2.40 0.00% $2.40 0.00% $2.40 0.00% $2.40 0.00% $2.40 0.00% $
232,Product 132,Brand 1,Green,,Metal,Generate a product description for a Green nan Metal Brand 1 Product 132.00 1110.00 1 million 0 10.00 / 100 000 10.00 20.00 / 100 000 5.00 3.00 / 500 000 0.00 3.00 / 5000 000 1.00 2.00 / 7000 000 2.00 3.00 / 9000 000 30.00 3.00 / 10000 000 0.00 0.00 / 4000 80.00 3.00 / 8000 2
233,Product 133,Brand 2,Orange,L,Aluminum,"Generate a product description for a Orange L Aluminum Brand 2 Product 133.10% 20.80% Product Name: Orange L Aluminum Product Type: Aluminum, Aluminum Alloy Material: Stainless Steel Description: 5.5mm, 13mm Finish: Steel and Chrome Description: Red Gold 3P Stainless Steel

Olympic L Aluminum Aluminum® 2:30C

Olympic L Aluminum® 2:30C

Product Specifications

Package Contents:"
234,Product 134,Brand 3,Red,10,Paper,"Generate a product description for a Red 10 Paper Brand 3 Product 134.00 20.00 20.00

(13 items)

Products sold on the SysOps marketplace are subject to the lowest seller fees. Products sold in the SysOps marketplace are sold in the 30% discount price, with 10:1 margin.

The product description on the product page is used as guide, rather than as the basis of any future product sale. Therefore, the product description of"
235,Product 135,Brand 4,Black,,Wool,"Generate a product description for a Black nan Wool Brand 4 Product 135.

$12 per 100 grams. $5 per 100 grams.

$10-$60 per 100 grams for Black products

You can do a lot with your Black Nan Wool $11 in just a few words.


This is not your home brand. All products sold in this fashion are available for sale in our online store.


Black Nan Wool Brand 4 Product 135.

$14 for"
236,Product 136,Brand 0,Blue,M,Leather,"Generate a product description for a Blue M Leather Brand 0 Product 136.6% 0 Product 14.6% 0 Product 5.1% 0 Product 20.0% 0 Product 50.0% 0 Product 52.0% 0 Product 75.0% 0 Product 99.0% 0

If you have any queries, or you could use a better tool then this would be a great time to take a look

Categories Categories Select Category Name Product Size 0 1 1 3"
237,Product 137,Brand 1,Silver,,Synthetic,"Generate a product description for a Silver nan Synthetic Brand 1 Product 137.00 $ 2,850.00 $ 2,700.00

T-Mobile NN-2

T-Mobile NN-2 is a carrier of the NN-2 wireless network by BSNL Networks Limited. It is based in New Zealand. The new carrier serves customers as part of the Oahu, Maui, Kauai and Hawaiian Islands.

For more information, please"
238,Product 138,Brand 2,Gray,15-inch,Plastic,"Generate a product description for a Gray 15-inch Plastic Brand 2 Product 138.0% $16.50 $25.00

EZMARTY EZMARTY EZMARTY EZMARTY EZMARTY DIMENSIONS 18/26 inch

38/60 oz $19.00 15/24 inch

20 inch

32 3/4 inch $24.00 30/60 oz

40/50"
239,Product 139,Brand 3,Green,,Cotton,"Generate a product description for a Green nan Cotton Brand 3 Product 139.99 US $4.75

3 Brand Information A Green Product Description 1 Product 142.42 US $7.75

2 Product Ingredients A Green Product Serving Size 2-4 mL 150.00 US $10.00

3 Product Ingredients A Green Product Serving Size 2-4 mL 150.00 US $7.75

1 Quantity of Product This 3 Quantity Green Cell Type 3

Product"
240,Product 140,Brand 4,Orange,L,Metal,"Generate a product description for a Orange L Metal Brand 4 Product 140.5-165.50 4.2.3.2.2 3.1-3.4 Bodegas.net.bodegas.net-bodegas.net-bodegas.net-bodegas.net-btc-online-1.

The following tables are for the product description only. Product descriptions in this table may contain other information, including a description and description"
241,Product 141,Brand 0,Red,10,Aluminum,"Generate a product description for a Red 10 Aluminum Brand 0 Product 141.0 oz Silver Product 149.48 oz Gold Product 149.48 oz Silver Product 149.64 oz Platinum Product 148.64 oz Platinum, Copper and Gold Product 149.64 oz Silver Product 149.64 ozSilver Product 149.64 ozSilver"
242,Product 142,Brand 1,Black,,Paper,"Generate a product description for a Black nan Paper Brand 1 Product 142.5,000 3.2,000 4.3 100.0 5 -1.4 7 -2.0 1.1 -2.1 3.5 -3.8 -1.5 -6.4 -3.6 2.8 2.4 -3.9 1.9 -4.4 1.2 -4.9 3.3 1.0 2.5 1."
243,Product 143,Brand 2,Blue,M,Wool,"Generate a product description for a Blue M Wool Brand 2 Product 143.99 0.67 0.48 0.51

Product Description for a Wool Brand 2 Product 143.99 0.67 0.48 0.51

Product Details for a Wool Brand 2 Product 143.99 0.67 0.48 0.51

Product Details for a Wool Brand 2 Product 143.99 0.67 0.48 0.51

Product Details for a Wool Brand 2"
244,Product 144,Brand 3,Silver,,Leather,"Generate a product description for a Silver nan Leather Brand 3 Product 144.0 828.00 $2,950.00.00 USD 6,822.00 29.00

Goldsmith & Moore Tools, Inc. 2,904.00 1,766.00 $1,200.00 USD 1,908.00 23.00


The R&M Tool and Maintenance Equipment Corporation, LLC 2,935.00 1,776.00"
245,Product 145,Brand 4,Gray,15-inch,Synthetic,"Generate a product description for a Gray 15-inch Synthetic Brand 4 Product 145.05% $24.99 2.40% $21.20 6.43

$3.45 3.10 3.90 3.20 2.90 3.20 +15 10X White Vinyl 3,090.95 $31.55 2.40% $32.13 3.95 4.95 35.20 $29.95 3.30+10X White Vinyl"
246,Product 146,Brand 0,Green,,Plastic,"Generate a product description for a Green nan Plastic Brand 0 Product 146.1

0 Pending Products

0 Pending Products

0 Pending Products 0 Pending Products"
247,Product 147,Brand 1,Orange,L,Cotton,Generate a product description for a Orange L Cotton Brand 1 Product 147.07 100.00% Yes Yes Yes Yes No Yes YES Yes NO Yes Yes No Yes Yes Yes Yes Yes No Yes Yes Yes Yes Yes Yes Yes Yes Yes Yes Yes Yes Yes Yes Yes Yes Yes Yes No Yes Yes Yes Yes Yes Yes Yes Yes Yes Yes Yes Yes Yes Yes Yes 3 Color # (required) 0 0 1 0 1 0 3 Color # (required) 0 0 1 0 1 0 3 Flavor #_
248,Product 148,Brand 2,Red,10,Metal,"Generate a product description for a Red 10 Metal Brand 2 Product 148.00

Product Detail Details

Product Details

Product Detail Details Product Details Product Details Product Details Product Details Product Details Product Details Product Details Product Details"
249,Product 149,Brand 3,Black,,Aluminum,"Generate a product description for a Black nan Aluminum Brand 3 Product 149.3 mg.

Cases of toxicity in human beings, such as thyroid cancer, are reported primarily due to its potential adverse health consequences and its possible toxic effects on human populations; however, in most cases, there is no information to date on toxicity potential of some or all of the vaccines used to treat these diseases. In addition, there is no evidence that children and teens have any increased risk due to use of B"
250,Product 150,Brand 4,Blue,M,Paper,"Generate a product description for a Blue M Paper Brand 4 Product 150.03

Product Description

Product Name: Blue M Paper

Keywords: Brand"
251,Product 151,Brand 0,Silver,,Wool,"Generate a product description for a Silver nan Wool Brand 0 Product 151.0 0 0 0 0 0 0 0 0 0 15.1

15.15-3.0-beta1.11 Apple Inc. Apple Inc.

Product Description Products Description Application Size Size Product Description 1 1 1 1 1 1 1 1 1 1 1 1 2

Approximate retail price of 1 1 1 1 1 1 1 1 1 2 2 1 2 2 6.25

App"
252,Product 152,Brand 1,Gray,15-inch,Leather,"Generate a product description for a Gray 15-inch Leather Brand 1 Product 152.1 (20) Colors 5 Black 1 Tan 1 Black 1 Brown 1 Pink (20)

This selection makes a great stocking filler. The list above makes a good way to show what you want for your Gray 15-inch stockings. We also make the following 5 shades for Gray 15-inches and the 1-Pack of 4 1-Pack to give you the look you ever wanted. The grey 10"
253,Product 153,Brand 2,Green,,Synthetic,"Generate a product description for a Green nan Synthetic Brand 2 Product 153.1.3.1 in Packaging Material, as described below, only and in the USA only.

Green Nan Synthetic Brand 2 (Green Nan) is a biotechnology-driven brand that is currently being developed to address sustainability problems, for more information about Green Nan see: www.greennan.com.

Green Nan Synthetic Brand 2 is not officially marketed by a third party. All products"
254,Product 154,Brand 3,Orange,L,Plastic,Generate a product description for a Orange L Plastic Brand 3 Product 154. The product description indicates the product can be used for the following 3 purposes: (F) To increase the number of units produced. (G) To ensure the reliability and quality of the products. (H) To protect against contamination after being produced. (I) To enhance our products of product preparation and quality after use and to make the products available to anyone who wants to try it at home. It does not necessarily mean
255,Product 155,Brand 4,Red,10,Cotton,Generate a product description for a Red 10 Cotton Brand 4 Product 155.000.000 or a product description for a White 12 Cotton Brand 3 Product 154.000.000 or a product description for a Y-Mall 3 Product 153.000.000 3 Product 168.000.000 Product description for a Blue 1 Cotton Brand 3 Product 137.000.000 3 Product 165.000.000 or a product description for a Grey 1 Cotton Brand 3 Product 136.000.000 3 Product
256,Product 156,Brand 0,Black,,Metal,"Generate a product description for a Black nan Metal Brand 0 Product 156.0

1-Year Warranty 0-Year Warranty

Customer satisfaction ratings have been issued. To inquire about a Product's satisfaction ratings, please contact the Product Designer.


A-Z Review | Warranty & Warranty FAQ.


Q: What is QA?

A: QA is an independent product review company which reviews product prototypes and designs made with respect to current and future products. QA"
257,Product 157,Brand 1,Blue,M,Aluminum,"Generate a product description for a Blue M Aluminum Brand 1 Product 157.0%

12.0%

Rare 2,824.28%

Common

The Ultimate Weapon


Product Description Product description 3 Product 177.8%

12.0%

Rare 2,824.18%

Common

The Weapon is Forever


Product Description Product description 1 Article 171.8%

12.0%

Very Rare"
258,Product 158,Brand 2,Silver,,Paper,"Generate a product description for a Silver nan Paper Brand 2 Product 158.0

Use the ""Buy a Silver"" link in the search tool to buy Silver for the device it was made in, or enter some other information such as address, price, service record information, or color. Use the ""New Item"" link in the search field to add a new Silver product. Use the ""Add Product"" link to add a new Silver product or to cancel the purchase. Use the ""Complete"
259,Product 159,Brand 3,Gray,15-inch,Wool,"Generate a product description for a Gray 15-inch Wool Brand 3 Product 159.2

Product Description: 1/20, 1/250 and 1/100 of 1/1

Made in the United States by C.E.R. & Co., Inc.

Description: 1/50

Product Description: 1/80

Product Description: 1/25

Product Description: 1/50 and 1/50 of 2* 1/16"
260,Product 160,Brand 4,Green,,Leather,"Generate a product description for a Green nan Leather Brand 4 Product 160.00

$6.75 Buy Now

Starter: ""Loved the idea, and it's been used successfully by both my business clients and students. Highly recommended.""

Quantity: 1/2

What's the best way to get a green label?

How about a brand your store can use?

What are your top ten brands that you recommend?

What are your"
261,Product 161,Brand 0,Orange,L,Synthetic,Generate a product description for a Orange L Synthetic Brand 0 Product 161.00 × 466.00 0.00% 0.04% 0.00% 0.00% 0.00% 0.03% 0.06% Product 166.00 × 466.00 0.00% 0.03% 0.00% 0.00% 0.21% 0.11% Product 162.00 × 460.00 0.00% 0.17% 0
262,Product 162,Brand 1,Red,10,Plastic,"Generate a product description for a Red 10 Plastic Brand 1 Product 162.6% Product Quantity: 120 Sold at: http://www.redglobe.com/product/product-collections/product-collections#color1-product-color-10-paints

Red 10 Plastic Brand Product Quantity: 60 Sold at: http://www.redglobe.com/product/product-collections/product-collections#color1-product-color-20"
263,Product 163,Brand 2,Black,,Cotton,"Generate a product description for a Black nan Cotton Brand 2 Product 163.5 oz.

Product Description:

A Black color of 100% Cotton is available as Cotton to Cotton. A Black is available on the Black Cotton Label. Available on: Black Cotton Label 2 Product 183.5 oz.

Product Description:

A Black color of 100% Cotton is available as Cotton to Cotton. A Black is available on the Black Cotton Label. Available on: Black Cotton"
264,Product 164,Brand 3,Blue,M,Metal,"Generate a product description for a Blue M Metal Brand 3 Product 164.50 % 25 % 30 % 50 % 1 0 Product ID 0 Product Cost (USD) Price (USD) Product Cost (AU$) Price (AU) Product Cost (US$) Product Cost (USD) Product Cost (US$) Product Cost (AU$) Product Cost (US$) 4 1 Product Type 0 Product Description 0

Product Type 0 Product Description 1 2 Product Type 1 Product Description 0 Product"
265,Product 165,Brand 4,Silver,,Aluminum,"Generate a product description for a Silver nan Aluminum Brand 4 Product 165.5 lbs. of Silver 2.3 lbs. of Platinum 3.0 lbs. of Copper 3.5 lbs. of Gold 1/2"" x 3/16"" X 2"" x 5/8"" 1/8"" x 15/32"" x 27.5 IN/M5 TALLIGER BLUE SILVER PRODUCT DEFINED FOR USE WITH ALL Silver Brand Products. Silver® is used to"
266,Product 166,Brand 0,Gray,15-inch,Paper,"Generate a product description for a Gray 15-inch Paper Brand 0 Product 166.50

Price: $10.00"
267,Product 167,Brand 1,Green,,Wool,Generate a product description for a Green nan Wool Brand 1 Product 167.6 L/W = 23.39 L/(50mL) 1 Product 168.5 L/W = 24.55 L/(50mL) 1 Product 169.2 L/W = 25.41 L/(50mL) 1 Product 170.4 L/W = 26.08 L/(50mL) 1 Product 171.4 L/W = 27.35 L/(50mL) 1 Product 172.
268,Product 168,Brand 2,Orange,L,Leather,"Generate a product description for a Orange L Leather Brand 2 Product 168.2%

8 Product 167.5%

7 Product 166.0%

6 Product 160.8%

5 Product 159.5%

4 Product 125.7%

3 Product 119.7%

2 Product 120.5%

1 Product 119%

0.85%

0.03%

0.00%

0"
269,Product 169,Brand 3,Red,10,Synthetic,Generate a product description for a Red 10 Synthetic Brand 3 Product 169.50% (64.85%) 0 0 Product description for a B 10 Synthetic Brand 3 Product 179% (64.92%) 0 0 Product description for a C 10 Synthetic Brand 3 Product 184% (65.08%) 0 0 Product description for a D 10 Synthetic Brand 3 Product 186% (65.02%) 0 0 Product description for a E 10 Synthetic Brand 3 Product 189% (65
270,Product 170,Brand 4,Black,,Plastic,"Generate a product description for a Black nan Plastic Brand 4 Product 170.6 cm (7.74 in) in (38.58 in) long. (0.02 inch for 0.6 inch tall). The number of nan-by-billion pieces are shown as the color scale. Size of your print is shown as a hexagon (2.5 cm or 12 in.) if you wish.

Note:

The following specifications are not finalized

Coupon"
271,Product 171,Brand 0,Blue,M,Cotton,Generate a product description for a Blue M Cotton Brand 0 Product 171.00 11% $0.00 1 Product 172.50 11% $0.00 2 Product 171.50 11% $0.00 3 Product 171.50 11% $0.00 4 Product 171.50 11% $0.00 5 Product 171.50 10% $0.00 6 Product 171.50 10% $0.00 7 Product 171.50 9% $0.00 8
272,Product 172,Brand 1,Silver,,Metal,"Generate a product description for a Silver nan Metal Brand 1 Product 172.00 $0.00 $0.00 $36.00 N/A

The Silver Nanolayors are the first generation of silver for electronic devices in the world, and they provide a new level of control and security. The Silver Nanolayors can be used to encrypt, decrypt or encrypt a wide array of digital communications as well as other digital-to-physical communications and the Silver nanonol"
273,Product 173,Brand 2,Gray,15-inch,Aluminum,Generate a product description for a Gray 15-inch Aluminum Brand 2 Product 173.062 0 10.00% 10.00% 20.00% 20.00% Black Gray 15-inch Aluminum Brand 1 Products 175.928 0 10.00% 10.00% 25.00% 25.00% Black Black 5-inch Aluminum Brand 2 6 Products 176.982 0 10.00% 10.00% 30.17% 30.17% Black Black Color
274,Product 174,Brand 3,Green,,Paper,"Generate a product description for a Green nan Paper Brand 3 Product 174.

Use the Product description feature from the Product screen.

Create a Product Description for a Paper Brand.

Place Product Description with your product information in the label.

Share your Product Information with your friends.

Send your Product Information to your Product Manager.

To share your Product information with your friends or other people, you can use our Brand Builder tool found on Google Drive, or from"
275,Product 175,Brand 4,Orange,L,Wool,"Generate a product description for a Orange L Wool Brand 4 Product 175.00 25.00 45.00 2,499.00

M&K Gold & Green Wool, Color of the L.O. 4 Product 515.00 15.00 30.00 3,000.00

M&K Waterproof Brand, Color and Service Description of L.O. 4 Product 467.00 33.00 50.00 4,500.00

National L"
276,Product 176,Brand 0,Red,10,Leather,Generate a product description for a Red 10 Leather Brand 0 Product 176.2 / Product 187.7 / Product 188.1 / Product 19.8 / Product 20.3 / Product 20.6 / Product 20.8 / Product 20.9 / Product 21.8 / Product 22.8 / Product 22.1 / Product 22.8 / Product 23.1 / Product 23.12 / Product 23.14 / Product 23.19 / Product 23.22 / Product 23.
277,Product 177,Brand 1,Black,,Synthetic,"Generate a product description for a Black nan Synthetic Brand 1 Product 177.02/1:17:30, Feb. 27 2017.

Product Info Product Version 2 Product Product Price $249.99

Shipping & Returns Warranty 2 Months and 48 Days: We will not replace or refund your order in any way whatsoever after 2 weeks, if at all, except as your authorized party will inform you upon request.

Sprint does not warrant or provide proof of a contract to"
278,Product 178,Brand 2,Blue,M,Plastic,"Generate a product description for a Blue M Plastic Brand 2 Product 178.10.2.100 (3.5GB, $9.99) Product 184.0.3.977 (4.8GB, $29.95) Product 185.0.3.17 (5.1GB, $39.95) Product 190.0.3.2 (4*4GB, $39.95) Product 192.0.3.1 (5 *"
279,Product 179,Brand 3,Silver,,Cotton,"Generate a product description for a Silver nan Cotton Brand 3 Product 179.4 GB

Item is non-corrosive, can no longer be removed from the field.

The product is non-corrosive, cannot be shipped to anyone outside of the United States, or Canada.

Shipping, Returns & Terms


If you are outside the United States and your company does not require an additional fee, you may still get an extra 2% delivery fee added on top"
280,Product 180,Brand 4,Gray,15-inch,Metal,Generate a product description for a Gray 15-inch Metal Brand 4 Product 180.92mm 2160.90mm 1/3.33 1/4.83 Invert product description for a Gray 15-inch Metal Brand 4 Product 180.00mm 2160.00mm 1/3.33 1/4.82 0.1 2 1/2.7 Invert products description for a Gray 15-inch Metal Brand 4 Product 183.00mm 2160.00mm 1
281,Product 181,Brand 0,Green,,Aluminum,"Generate a product description for a Green nan Aluminum Brand 0 Product 181.8%

0 Product 6.9%

2 Product 7.0%

2 Part Number"
282,Product 182,Brand 1,Orange,L,Paper,Generate a product description for a Orange L Paper Brand 1 Product 182.2% Product description(s) 2 Product 1 Product 181.7% Product description(s) 3 Product 1 Product 180.2% Product description(s) 4 Product 1 Product 179.07% Product description(s) 5 Product 1 Product 178.7% Product description(s) 6 Product 1 Product 177.2% Product description(s) 7 Product 1 Product 176.55% Product description(s)
283,Product 183,Brand 2,Red,10,Wool,"Generate a product description for a Red 10 Wool Brand 2 Product 183.0% 18.6% 19.5% Product ID (ID#) Value Product Description Product Color Product Number Product Number Product Number Product Number Product Number Product Number Product Number

Product 1 Product 2 Product 3 Product 4 Product 5 Product 6 Product 7 Product 8 Product 9 Product 10 Product Category Product Product Product Description Product Color Product Number Product Number Product Number Product Number Product Number Product Number Product Number Product Number Product Number Product Number"
284,Product 184,Brand 3,Black,,Leather,Generate a product description for a Black nan Leather Brand 3 Product 184.95 1.48.064 8.46 6.11 3.33 21.33 1.38 1.44 1.04.17.16.15.12 5.29 2.21 2.14 15.94 3.15.93 7.75.95.84 2.19 4.01 7.36 7.62 2.18 25.67.50.49.52.
285,Product 185,Brand 4,Blue,M,Synthetic,"Generate a product description for a Blue M Synthetic Brand 4 Product 185.14 KB 4.18 KB Total 100.0 KB 100.0 KB Product Description Total 100.0 KB 100.0 KB Product Name 5.2 KB 7 KB Product Size 2.3 KB 1 KB Product Type Acrylic, Rubber, Brass, Aluminum Product Image URL Pics 1 Pics 2 Photo Gallery 3 Page Gallery 4 Image Gallery 5 1 Images

If I have trouble with a product image, I"
286,Product 186,Brand 0,Silver,,Plastic,"Generate a product description for a Silver nan Plastic Brand 0 Product 186.00% 100.00% 0.00% 0.00% 0.00% 0.00% 0.00% Product Description 0 Product Description 0 Product description 0 Product description 0 Product description 0 Product description None, but only when used with an LED to provide a complete display. Product Description 3 Product Description 3 Product Description All of the following are used: 1. Product Description 0 Product Description 0 Product Description 0 Product"
287,Product 187,Brand 1,Gray,15-inch,Cotton,"Generate a product description for a Gray 15-inch Cotton Brand 1 Product 187.2 0.00% 0.00% $0.00 Add to Cart

Gray 15-inch Cordless

Sock

Cordless

Cordless Cordless Cordless Cordless 1 Cordless

Cordless Cordless Cordless Cordless Cordless Cordless Cordless 0 0 0 2 Cordless 1 Cordless Cordless Cordless 1 Cordless

C"
288,Product 188,Brand 2,Green,,Metal,"Generate a product description for a Green nan Metal Brand 2 Product 188.5 mm² in Size. This product description was created by using the following formula.

Ingredients

Green Liquid Gel. Used to dissolve and transfer products in a gel from a 1 kg/1 cm container. The formula used to calculate the product contents in the order in which green liquid product, Green Liquid Gel and Green Liquid Gel were formed from green liquid ingredients. For each product, 10% of the product contents"
289,Product 189,Brand 3,Orange,L,Aluminum,"Generate a product description for a Orange L Aluminum Brand 3 Product 189.

Products with color, weight and texture in the form of different types are excluded.

For products with a variety of color/texture options, please select 'Options' > All options. If the product is a blue l aluminum design, the color is optional.

Please contact us if you have questions about any color choices you have."
290,Product 190,Brand 4,Red,10,Paper,"Generate a product description for a Red 10 Paper Brand 4 Product 190.00% 85.00% Quantity: Please fill out these fields:

1. The product must be ""Manufactured in this country and its designated state, in that manufacturing date, country, and state"" 1. Include state and/or country-specific information only ""Manufactured in this country and its designated state, in that manufacturing date, country, and state"" The product must be the same as the standard"
291,Product 191,Brand 0,Black,,Wool,"Generate a product description for a Black nan Wool Brand 0 Product 191.9% Product 236.6% Product 678.7% Product 943.9% Product 1346.5% Product 1089.1% Product 567.7% product 1,039.8% Product 2,076.6% Product 3,076.4% Product 1,058.2% Product 657.2% Product 1,003.9% Product 438"
292,Product 192,Brand 1,Blue,M,Leather,"Generate a product description for a Blue M Leather Brand 1 Product 192.99 USD 0.00 USD 6 0.00 USD 0.00 USD

Product details Description This product is for sale. See product information and description for details. Description Please choose product code:

1 3


Product Description You need to be logged into the game at least 7 days in advance of the price you're purchasing that day. Product Information Description If you already have an account, please do not log"
293,Product 193,Brand 2,Silver,,Synthetic,Generate a product description for a Silver nan Synthetic Brand 2 Product 193.0.0.0/24 -0-000-400-900-1-10.1.1.1.100-7-2.2.3.2.2.3.9.3.5.2.4.1.0.4.1.1.19.1.2.2.1.1.1.1.7.1.1.
294,Product 194,Brand 3,Gray,15-inch,Plastic,"Generate a product description for a Gray 15-inch Plastic Brand 3 Product 194.00

Red: Product Name

Product ID and Quantity of this Product

Brand Name

Size of the product

Manufacturer Location

Order Date

Product sold by

Category"
295,Product 195,Brand 4,Green,,Cotton,"Generate a product description for a Green nan Cotton Brand 4 Product 195.1.1.4949.1 Product description for a Green nan Cotton brand 4 Product 195.1.2.55556 Product description for a Green nan Cotton brand 4 Product 195.1.2.55556 Product description for a GREEN

product description for a GREEN

product description for a GREEN product description for a HIDDEN

product description for a HIDDEN product description for a LIGHT"
296,Product 196,Brand 0,Orange,L,Metal,"Generate a product description for a Orange L Metal Brand 0 Product 196.3 oz. (250 mL) 12.7 oz. (500 mL) 7.9 oz. (500 mL) 9.1 oz. (500 mL) Total 4.0 oz. (1.4 mL) Total 0.1 oz. (1.3 mL)

This new product will be manufactured from the same quality-per-dollar manufacturing process as the most common Orange L Metal Brand."
297,Product 197,Brand 1,Red,10,Aluminum,"Generate a product description for a Red 10 Aluminum Brand 1 Product 197.50

-1 Product 1 Product 197.50 Padded Aluminum.

The Blue 10 Aluminum Padded Product also makes excellent use of the padded design for a more seamless and comfortable product. It also offers the option of one or more thicknesses of an aluminum alloy for convenient use when desired.

If you want a product based on this product, please email us."
298,Product 198,Brand 2,Black,,Paper,Generate a product description for a Black nan Paper Brand 2 Product 198.75% 10.95% 2.8% 2.7% $0.00 $0.00 $0.00 $0.00 $0.00 $0.00 2.5 million 22 2.15M 2.35M 2.80M 2.97M 3.00M 3.00M 1.5M 4.7 million 5.60% 18.50% 11.
299,Product 199,Brand 3,Blue,M,Wool,"Generate a product description for a Blue M Wool Brand 3 Product 199.00

0.00 $0.00

0.00 $0.00

0.00 $0.00

0.00 $0.00

2:33:08 0.00 2:33:08 3.00 $0.00

0.00 200.00 1.00

1.00

1.00 200.00 10."
300,Product 200,Brand 4,Silver,,Leather,Generate a product description for a Silver nan Leather Brand 4 Product 200.00 $1.00 $0.00 Customer Service 2 778.00 589.00 The Product Description for a Silver Brand 4 Product 200.00 $1.00 $0.00 Customer Service 3 822.75 853.75 The Product Description for a Silver Brand 4 $0.00 $0.00 Customer Service 4 16.5 1.15 3.15 $0.00 Total $
